n_flows,n_runs,ip_acceptance_mean,cspf_acceptance_mean,weighted_acceptance_mean,ip_delay_mean,cspf_delay_mean,weighted_delay_mean,ip_util_mean,cspf_util_mean,weighted_util_mean
30,30,0.5544444444444444,0.6466666666666666,0.6455555555555555,7.659073492354135,8.8519510263248,8.805641229573418,0.4501622400157002,0.5792446212940315,0.5721375769123308
60,30,0.435,0.5,0.5127777777777778,7.313641381721284,9.405336959229261,9.288516012141045,0.5787679190036343,0.7935162514064708,0.7951316278969728
90,30,0.3222222222222222,0.3648148148148148,0.3748148148148148,6.853202481902769,8.96615196161062,8.932292043185418,0.6454390901824706,0.8430096828488635,0.8427524884091053
