n_flows,n_runs,ip_acceptance_mean,cspf_acceptance_mean,weighted_acceptance_mean,ip_delay_mean,cspf_delay_mean,weighted_delay_mean,ip_util_mean,cspf_util_mean,weighted_util_mean,ip_max_util_mean,cspf_max_util_mean,weighted_max_util_mean
30,30,0.5833333333333333,0.6788888888888889,0.6888888888888889,7.901864431568652,8.940130466993542,8.891072355686548,0.4419821022247552,0.5691401843043383,0.5656927053806466,0.9579514746711615,0.9778178196753418,0.9676797203544928
60,30,0.4172222222222222,0.46611111111111114,0.4633333333333333,7.675906238470773,9.372219773670611,9.411728028705022,0.5966861510917116,0.7617483845921655,0.7678770581037881,0.9883836387709243,0.9942736617025906,0.9927325790392747
90,30,0.31222222222222223,0.3488888888888889,0.36333333333333334,7.963790411875335,9.50300418954885,9.458818128902642,0.6655570650366051,0.8274417001963618,0.8441977205503982,0.9951611887194376,0.9961180085206811,0.9966513436103196
