n_flows,run_idx,seed,ip_acceptance,cspf_acceptance,weighted_acceptance,ip_avg_delay,cspf_avg_delay,weighted_avg_delay,ip_util,cspf_util,weighted_util
30,29,42374,0.6666666666666666,0.7,0.6333333333333333,7.758095877772043,8.613976114090738,8.837582517842149,0.3631879018006354,0.4138697754742581,0.36763792733153405
60,29,72374,0.4666666666666667,0.6333333333333333,0.65,4.934907557870282,8.309057812961443,8.07135800280555,0.43229965634588513,0.8234087137627869,0.7967920452021361
90,29,102374,0.3111111111111111,0.3333333333333333,0.36666666666666664,4.317805945981754,5.258036626462372,5.05299116761796,0.7356457316450715,0.8894508305472985,0.8899236403628178
